{"confidence_mean": 11.303637931034483, "confidence_std": 26.652899783816157}